TIMESTAMP,VEL,DIR,VELMS
200308010000,25,130,2.5
200308010200,32,184,3.2
200308010400,54,218,5.4
200308010600,40,197,4.0
200308010800,49,225,4.9
200308011000,57,245,5.7
200308011200,58,255,5.8
200308011400,46,255,4.6
200308011600,41,245,4.1
200308011800,22,218,2.2
200308012000,0,0,0.0
200308012200,18,99,1.8
200308020000,16,145,1.6
200308020200,0,0,0.0
200308020400,18,154,1.8
200308020600,20,149,2.0
200308020800,0,0,0.0
200308021000,28,334,2.8
200308021200,44,323,4.4
200308021400,48,325,4.8
200308021600,37,351,3.7
200308021800,18,332,1.8
200308022000,33,290,3.3
200308022200,21,243,2.1
200308030000,12,243,1.2
200308030200,28,138,2.8
200308030400,29,120,2.9
200308030600,16,113,1.6
200308030800,0,0,0.0
200308031000,23,262,2.3
200308031200,32,280,3.2
200308031400,33,276,3.3
200308031600,28,220,2.8
200308031800,19,251,1.9
200308032000,16,309,1.6
200308032200,17,212,1.7
200308040000,28,130,2.8
200308040200,22,163,2.2
200308040400,32,152,3.2
200308040600,71,187,7.1
200308040800,24,180,2.4
200308041000,34,74,3.4
200308041200,45,4,4.5
200308041400,38,309,3.8
200308041600,39,245,3.9
200308041800,22,299,2.2
200308042000,21,359,2.1
200308042200,23,106,2.3
200308050000,25,161,2.5
200308050200,30,123,3.0
200308050400,25,62,2.5
200308050600,29,48,2.9
200308050800,13,103,1.3
200308051000,0,0,0.0
200308051200,30,251,3.0
200308051400,43,234,4.3
200308051600,41,228,4.1
200308051800,13,270,1.3
200308052000,14,282,1.4
200308052200,27,282,2.7
200308060000,36,282,3.6
200308060200,30,308,3.0
200308060400,22,290,2.2
200308060600,14,155,1.4
200308060800,24,219,2.4
200308061000,17,273,1.7
200308061200,45,284,4.5
200308061400,33,259,3.3
200308061600,0,0,0.0
200308061800,23,334,2.3
200308062000,30,318,3.0
200308062200,26,309,2.6
200308070000,45,250,4.5
200308070200,52,244,5.2
200308070400,54,244,5.4
200308070600,55,235,5.5
200308070800,58,244,5.8
200308071000,59,254,5.9
200308071200,45,285,4.5
200308071400,51,254,5.1
200308071600,57,241,5.7
200308071800,56,234,5.6
200308072000,67,225,6.7
200308072200,87,225,8.7
200308080000,95,221,9.5
200308080200,3,217,0.3
200308080400,78,217,7.8
200308080600,75,214,7.5
200308080800,85,216,8.5
200308081000,93,232,9.3
200308081200,0,240,0.0
200308081400,94,236,9.4
200308081600,83,225,8.3
200308081800,85,231,8.5
200308082000,80,230,8.0
200308082200,77,229,7.7
200308090000,90,223,9.0
200308090200,86,218,8.6
200308090400,84,215,8.4
200308090600,79,212,7.9
200308090800,79,214,7.9
200308091000,93,237,9.3
200308091200,86,240,8.6
200308091400,87,242,8.7
200308091600,66,244,6.6
200308091800,58,230,5.8
200308092000,39,230,3.9
200308092200,37,225,3.7
200308100000,62,231,6.2
200308100200,63,228,6.3
200308100400,50,216,5.0
200308100600,43,204,4.3
200308100800,60,225,6.0
200308101000,61,236,6.1
200308101200,64,243,6.4
200308101400,47,240,4.7
200308101600,38,238,3.8
200308101800,26,263,2.6
200308102000,0,0,0.0
200308102200,0,0,0.0
200308110000,19,130,1.9
200308110200,11,157,1.1
200308110400,28,268,2.8
200308110600,41,260,4.1
200308110800,28,237,2.8
200308111000,27,269,2.7
200308111200,30,268,3.0
200308111400,0,0,0.0
200308111600,0,0,0.0
200308111800,47,105,4.7
200308112000,54,153,5.4
200308112200,34,163,3.4
200308120000,27,184,2.7
200308120200,31,142,3.1
200308120400,17,152,1.7
200308120600,21,128,2.1
200308120800,15,159,1.5
200308121000,41,254,4.1
200308121200,59,259,5.9
200308121400,44,282,4.4
200308121600,30,273,3.0
200308121800,12,270,1.2
200308122000,24,120,2.4
200308122200,23,134,2.3
200308130000,24,140,2.4
200308130200,25,149,2.5
200308130400,15,191,1.5
200308130600,27,133,2.7
200308130800,43,217,4.3
200308131000,72,240,7.2
200308131200,75,254,7.5
200308131400,89,229,8.9
200308131600,70,226,7.0
200308131800,72,234,7.2
200308132000,73,224,7.3
200308132200,72,198,7.2
200308140000,70,213,7.0
200308140200,83,221,8.3
200308140400,70,209,7.0
200308140600,71,210,7.1
200308140800,58,211,5.8
200308141000,73,234,7.3
200308141200,75,244,7.5
200308141400,80,235,8.0
200308141600,72,227,7.2
200308141800,60,223,6.0
200308142000,29,213,2.9
200308142200,46,235,4.6
200308150000,52,210,5.2
200308150200,62,220,6.2
200308150400,48,221,4.8
200308150600,35,138,3.5
200308150800,20,151,2.0
200308151000,0,0,0.0
200308151200,24,315,2.4
200308151400,44,332,4.4
200308151600,47,18,4.7
200308151800,51,5,5.1
200308152000,55,23,5.5
200308152200,36,10,3.6
200308160000,75,194,7.5
200308160200,21,211,2.1
200308160400,24,169,2.4
200308160600,23,160,2.3
200308160800,12,154,1.2
200308161000,26,292,2.6
200308161200,45,331,4.5
200308161400,54,1,5.4
200308161600,60,4,6.0
200308161800,46,35,4.6
200308162000,33,156,3.3
200308162200,35,152,3.5
200308170000,26,154,2.6
200308170200,26,157,2.6
200308170400,23,134,2.3
200308170600,20,114,2.0
200308170800,0,0,0.0
200308171000,27,323,2.7
200308171200,53,355,5.3
200308171400,84,358,8.4
200308171600,92,17,9.2
200308171800,77,9,7.7
200308172000,70,46,7.0
200308172200,53,72,5.3
200308180000,26,78,2.6
200308180200,0,0,0.0
200308180400,25,56,2.5
200308180600,21,153,2.1
200308180800,0,0,0.0
200308181000,23,338,2.3
200308181200,35,291,3.5
200308181400,39,297,3.9
200308181600,32,308,3.2
200308181800,0,0,0.0
200308182000,0,0,0.0
200308182200,18,109,1.8
200308190000,0,0,0.0
200308190200,20,147,2.0
200308190400,22,184,2.2
200308190600,16,151,1.6
200308190800,18,119,1.8
200308191000,22,292,2.2
200308191200,34,229,3.4
200308191400,30,254,3.0
200308191600,14,37,1.4
200308191800,65,87,6.5
200308192000,77,79,7.7
200308192200,0,0,0.0
200308200000,48,89,4.8
200308200200,33,191,3.3
200308200400,52,240,5.2
200308200600,33,211,3.3
200308200800,23,194,2.3
200308201000,30,226,3.0
200308201200,28,273,2.8
200308201400,36,283,3.6
200308201600,16,347,1.6
200308201800,40,115,4.0
200308202000,19,158,1.9
200308202200,43,84,4.3
200308210000,26,69,2.6
200308210200,23,112,2.3
200308210400,21,139,2.1
200308210600,23,172,2.3
200308210800,29,146,2.9
200308211000,16,319,1.6
200308211200,31,269,3.1
200308211400,30,271,3.0
200308211600,18,281,1.8
200308211800,22,304,2.2
200308212000,29,217,2.9
200308212200,15,270,1.5
200308220000,41,257,4.1
200308220200,58,218,5.8
200308220400,54,268,5.4
200308220600,44,276,4.4
200308220800,21,206,2.1
200308221000,20,240,2.0
200308221200,41,310,4.1
200308221400,53,298,5.3
200308221600,33,199,3.3
200308221800,38,246,3.8
200308222000,39,243,3.9
200308222200,24,320,2.4
200308230000,30,311,3.0
200308230200,23,328,2.3
200308230400,17,65,1.7
200308230600,20,135,2.0
200308230800,13,71,1.3
200308231000,22,278,2.2
200308231200,30,300,3.0
200308231400,46,282,4.6
200308231600,25,294,2.5
200308231800,12,207,1.2
200308232000,25,205,2.5
200308232200,28,124,2.8
200308240000,22,132,2.2
200308240200,24,146,2.4
200308240400,26,137,2.6
200308240600,27,146,2.7
200308240800,18,181,1.8
200308241000,24,280,2.4
200308241200,33,296,3.3
200308241400,51,275,5.1
200308241600,61,158,6.1
200308241800,57,152,5.7
200308242000,54,165,5.4
200308242200,38,123,3.8
200308250000,30,146,3.0
200308250200,34,145,3.4
200308250400,33,140,3.3
200308250600,20,89,2.0
200308250800,24,64,2.4
200308251000,26,353,2.6
200308251200,21,313,2.1
200308251400,33,311,3.3
200308251600,17,327,1.7
200308251800,13,254,1.3
200308252000,27,118,2.7
200308252200,24,162,2.4
200308260000,31,188,3.1
200308260200,30,145,3.0
200308260400,32,141,3.2
200308260600,27,143,2.7
200308260800,22,170,2.2
200308261000,39,245,3.9
200308261200,53,257,5.3
200308261400,55,256,5.5
200308261600,46,250,4.6
200308261800,37,155,3.7
200308262000,35,139,3.5
200308262200,35,131,3.5
200308270000,32,158,3.2
200308270200,24,165,2.4
200308270400,22,142,2.2
200308270600,34,137,3.4
200308270800,35,206,3.5
200308271000,52,236,5.2
200308271200,64,243,6.4
200308271400,57,243,5.7
200308271600,58,231,5.8
200308271800,48,237,4.8
200308272000,50,212,5.0
200308272200,45,198,4.5
200308280000,29,176,2.9
200308280200,34,188,3.4
200308280400,33,141,3.3
200308280600,21,201,2.1
200308280800,40,214,4.0
200308281000,57,242,5.7
200308281200,63,257,6.3
200308281400,55,251,5.5
200308281600,38,230,3.8
200308281800,43,233,4.3
200308282000,16,238,1.6
200308282200,33,224,3.3
200308290000,23,138,2.3
200308290200,28,152,2.8
200308290400,23,132,2.3
200308290600,22,143,2.2
200308290800,14,180,1.4
200308291000,29,200,2.9
200308291200,29,256,2.9
200308291400,43,280,4.3
200308291600,38,255,3.8
200308291800,24,227,2.4
200308292000,32,253,3.2
200308292200,17,216,1.7
200308300000,13,153,1.3
200308300200,16,186,1.6
200308300400,26,214,2.6
200308300600,28,186,2.8
200308300800,24,190,2.4
200308301000,37,250,3.7
200308301200,49,251,4.9
200308301400,51,250,5.1
200308301600,38,240,3.8
200308301800,36,244,3.6
200308302000,39,222,3.9
200308302200,33,211,3.3
200308310000,17,141,1.7
200308310200,21,143,2.1
200308310400,27,141,2.7
200308310600,30,137,3.0
200308310800,17,149,1.7
200308311000,15,278,1.5
200308311200,44,312,4.4
200308311400,52,337,5.2
200308311600,17,64,1.7
200308311800,70,34,7.0
200308312000,26,148,2.6
200308312200,0,0,0.0
200308010000,25,127,2.5
200308010200,32,192,3.2
200308010400,54,228,5.4
200308010600,40,204,4.0
200308010800,48,228,4.8
200308011000,57,253,5.7
200308011200,59,263,5.9
200308011400,46,265,4.6
200308011600,41,253,4.1
200308011800,20,220,2.0
200308012000,0,0,0.0
200308012200,19,96,1.9
200308020000,17,141,1.7
200308020200,0,0,0.0
200308020400,17,161,1.7
200308020600,19,156,1.9
200308020800,0,0,0.0
200308021000,28,341,2.8
200308021200,45,333,4.5
200308021400,49,333,4.9
200308021600,37,360,3.7
200308021800,17,330,1.7
200308022000,35,286,3.5
200308022200,20,247,2.0
200308030000,12,239,1.2
200308030200,28,147,2.8
200308030400,29,128,2.9
200308030600,14,114,1.4
200308030800,0,0,0.0
200308031000,22,267,2.2
200308031200,32,286,3.2
200308031400,33,286,3.3
200308031600,28,228,2.8
200308031800,21,250,2.1
200308032000,16,305,1.6
200308032200,16,220,1.6
200308040000,28,128,2.8
200308040200,22,161,2.2
200308040400,32,162,3.2
200308040600,72,196,7.2
200308040800,22,184,2.2
200308041000,33,72,3.3
200308041200,45,14,4.5
200308041400,38,318,3.8
200308041600,39,253,3.9
200308041800,23,294,2.3
200308042000,22,355,2.2
200308042200,23,114,2.3
200308050000,24,160,2.4
200308050200,30,120,3.0
200308050400,27,57,2.7
200308050600,28,47,2.8
200308050800,11,103,1.1
200308051000,0,0,0.0
200308051200,30,260,3.0
200308051400,43,242,4.3
200308051600,41,235,4.1
200308051800,12,271,1.2
200308052000,14,280,1.4
200308052200,27,280,2.7
200308060000,36,290,3.6
200308060200,31,314,3.1
200308060400,21,297,2.1
200308060600,11,159,1.1
200308060800,24,225,2.4
200308061000,17,275,1.7
200308061200,46,293,4.6
200308061400,32,267,3.2
200308061600,0,0,0.0
200308061800,23,342,2.3
200308062000,30,313,3.0
200308062200,26,305,2.6
200308070000,45,258,4.5
200308070200,52,253,5.2
200308070400,55,253,5.5
200308070600,55,244,5.5
200308070800,59,253,5.9
200308071000,60,264,6.0
200308071200,45,293,4.5
200308071400,50,256,5.0
200308071600,58,250,5.8
200308071800,56,241,5.6
200308072000,67,234,6.7
200308072200,88,234,8.8
200308080000,96,230,9.6
200308080200,5,226,0.5
200308080400,79,225,7.9
200308080600,76,223,7.6
200308080800,86,226,8.6
200308081000,94,241,9.4
200308081200,1,249,0.1
200308081400,95,245,9.5
200308081600,84,233,8.4
200308081800,86,240,8.6
200308082000,80,239,8.0
200308082200,78,238,7.8
200308090000,91,232,9.1
200308090200,87,227,8.7
200308090400,85,224,8.5
200308090600,80,220,8.0
200308090800,81,223,8.1
200308091000,94,246,9.4
200308091200,86,249,8.6
200308091400,87,252,8.7
200308091600,67,252,6.7
200308091800,58,238,5.8
200308092000,39,238,3.9
200308092200,37,234,3.7
200308100000,62,241,6.2
200308100200,63,237,6.3
200308100400,50,224,5.0
200308100600,43,211,4.3
200308100800,61,233,6.1
200308101000,62,246,6.2
200308101200,65,252,6.5
200308101400,47,249,4.7
200308101600,38,247,3.8
200308101800,25,272,2.5
200308102000,0,0,0.0
200308102200,0,0,0.0
200308110000,17,129,1.7
200308110200,0,0,0.0
200308110400,29,267,2.9
200308110600,41,267,4.1
200308110800,27,245,2.7
200308111000,27,277,2.7
200308111200,31,273,3.1
200308111400,0,0,0.0
200308111600,0,0,0.0
200308111800,50,100,5.0
200308112000,57,148,5.7
200308112200,33,162,3.3
200308120000,27,193,2.7
200308120200,30,146,3.0
200308120400,16,159,1.6
200308120600,20,134,2.0
200308120800,13,158,1.3
200308121000,41,263,4.1
200308121200,59,268,5.9
200308121400,45,288,4.5
200308121600,30,279,3.0
200308121800,11,271,1.1
200308122000,23,119,2.3
200308122200,25,130,2.5
200308130000,25,135,2.5
200308130200,25,156,2.5
200308130400,14,199,1.4
200308130600,25,132,2.5
200308130800,43,225,4.3
200308131000,72,249,7.2
200308131200,76,263,7.6
200308131400,90,238,9.0
200308131600,70,235,7.0
200308131800,73,243,7.3
200308132000,74,233,7.4
200308132200,73,207,7.3
200308140000,71,222,7.1
200308140200,84,230,8.4
200308140400,71,218,7.1
200308140600,72,219,7.2
200308140800,59,219,5.9
200308141000,73,242,7.3
200308141200,77,253,7.7
200308141400,81,245,8.1
200308141600,73,237,7.3
200308141800,60,232,6.0
200308142000,29,221,2.9
200308142200,46,243,4.6
200308150000,53,219,5.3
200308150200,62,230,6.2
200308150400,48,231,4.8
200308150600,34,137,3.4
200308150800,19,151,1.9
200308151000,0,0,0.0
200308151200,23,322,2.3
200308151400,44,341,4.4
200308151600,47,16,4.7
200308151800,50,4,5.0
200308152000,56,32,5.6
200308152200,36,19,3.6
200308160000,73,193,7.3
200308160200,20,218,2.0
200308160400,23,177,2.3
200308160600,22,165,2.2
200308160800,0,0,0.0
200308161000,25,298,2.5
200308161200,45,341,4.5
200308161400,54,9,5.4
200308161600,61,13,6.1
200308161800,47,32,4.7
200308162000,33,165,3.3
200308162200,35,161,3.5
200308170000,28,150,2.8
200308170200,26,166,2.6
200308170400,21,136,2.1
200308170600,18,112,1.8
200308170800,0,0,0.0
200308171000,27,332,2.7
200308171200,53,5,5.3
200308171400,84,7,8.4
200308171600,93,26,9.3
200308171800,78,17,7.8
200308172000,70,55,7.0
200308172200,54,79,5.4
200308180000,28,76,2.8
200308180200,0,0,0.0
200308180400,23,55,2.3
200308180600,20,159,2.0
200308180800,0,0,0.0
200308181000,22,346,2.2
200308181200,34,298,3.4
200308181400,38,306,3.8
200308181600,32,316,3.2
200308181800,0,0,0.0
200308182000,0,0,0.0
200308182200,18,110,1.8
200308190000,0,0,0.0
200308190200,19,151,1.9
200308190400,21,193,2.1
200308190600,14,156,1.4
200308190800,15,119,1.5
200308191000,21,302,2.1
200308191200,34,237,3.4
200308191400,29,261,2.9
200308191600,15,46,1.5
200308191800,66,95,6.6
200308192000,78,86,7.8
200308192200,0,0,0.0
200308200000,48,98,4.8
200308200200,34,186,3.4
200308200400,53,249,5.3
200308200600,33,220,3.3
200308200800,22,203,2.2
200308201000,30,235,3.0
200308201200,28,281,2.8
200308201400,36,292,3.6
200308201600,16,351,1.6
200308201800,39,114,3.9
200308202000,18,165,1.8
200308202200,42,83,4.2
200308210000,26,78,2.6
200308210200,23,119,2.3
200308210400,21,148,2.1
200308210600,22,181,2.2
200308210800,28,150,2.8
200308211000,16,314,1.6
200308211200,31,278,3.1
200308211400,30,280,3.0
200308211600,17,291,1.7
200308211800,23,305,2.3
200308212000,28,224,2.8
200308212200,16,268,1.6
200308220000,41,267,4.1
200308220200,58,227,5.8
200308220400,55,276,5.5
200308220600,45,284,4.5
200308220800,21,215,2.1
200308221000,20,246,2.0
200308221200,41,318,4.1
200308221400,53,305,5.3
200308221600,31,198,3.1
200308221800,39,256,3.9
200308222000,39,252,3.9
200308222200,24,315,2.4
200308230000,32,307,3.2
200308230200,23,337,2.3
200308230400,16,74,1.6
200308230600,20,144,2.0
200308230800,11,70,1.1
200308231000,23,274,2.3
200308231200,32,297,3.2
200308231400,46,291,4.6
200308231600,25,302,2.5
200308231800,0,0,0.0
200308232000,24,214,2.4
200308232200,26,128,2.6
200308240000,21,137,2.1
200308240200,24,155,2.4
200308240400,25,146,2.5
200308240600,25,145,2.5
200308240800,17,190,1.7
200308241000,26,277,2.6
200308241200,36,293,3.6
200308241400,51,283,5.1
200308241600,61,167,6.1
200308241800,57,160,5.7
200308242000,55,174,5.5
200308242200,36,125,3.6
200308250000,29,151,2.9
200308250200,34,150,3.4
200308250400,33,149,3.3
200308250600,20,98,2.0
200308250800,24,74,2.4
200308251000,25,357,2.5
200308251200,22,308,2.2
200308251400,35,308,3.5
200308251600,18,326,1.8
200308251800,12,258,1.2
200308252000,27,119,2.7
200308252200,23,161,2.3
200308260000,31,197,3.1
200308260200,29,150,2.9
200308260400,32,149,3.2
200308260600,27,150,2.7
200308260800,21,169,2.1
200308261000,40,255,4.0
200308261200,54,265,5.4
200308261400,55,264,5.5
200308261600,46,257,4.6
200308261800,37,161,3.7
200308262000,33,138,3.3
200308262200,37,127,3.7
200308270000,32,166,3.2
200308270200,23,171,2.3
200308270400,20,144,2.0
200308270600,34,146,3.4
200308270800,34,211,3.4
200308271000,52,242,5.2
200308271200,65,253,6.5
200308271400,57,252,5.7
200308271600,59,240,5.9
200308271800,48,244,4.8
200308272000,50,220,5.0
200308272200,45,206,4.5
200308280000,28,180,2.8
200308280200,34,196,3.4
200308280400,31,143,3.1
200308280600,21,205,2.1
200308280800,39,216,3.9
200308281000,57,250,5.7
200308281200,64,266,6.4
200308281400,56,259,5.6
200308281600,38,239,3.8
200308281800,44,242,4.4
200308282000,15,243,1.5
200308282200,33,223,3.3
200308290000,23,148,2.3
200308290200,27,160,2.7
200308290400,22,134,2.2
200308290600,22,152,2.2
200308290800,13,179,1.3
200308291000,27,199,2.7
200308291200,28,266,2.8
200308291400,47,277,4.7
200308291600,40,258,4.0
200308291800,24,235,2.4
200308292000,31,261,3.1
200308292200,16,215,1.6
200308300000,12,151,1.2
200308300200,16,194,1.6
200308300400,27,219,2.7
200308300600,28,195,2.8
200308300800,22,191,2.2
200308301000,36,256,3.6
200308301200,50,260,5.0
200308301400,52,259,5.2
200308301600,39,246,3.9
200308301800,36,253,3.6
200308302000,39,229,3.9
200308302200,31,213,3.1
200308310000,16,138,1.6
200308310200,19,144,1.9
200308310400,26,146,2.6
200308310600,29,142,2.9
200308310800,17,149,1.7
200308311000,14,286,1.4
200308311200,44,320,4.4
200308311400,53,346,5.3
200308311600,15,63,1.5
200308311800,69,32,6.9
200308312000,25,154,2.5
200308312200,0,0,0.0
